Product ID,Brand,Product Name,Current Stock Qty,Unit Cost,Last Restock Date
P0224,BRAND_C,145/70 R 12 BY-801,15,2766.0,2026-01-20
P0222,BRAND_C,145/80 R 12 BY-801,364,2876.0,2026-01-20
P0258,BRAND_C,155/65 R 13 BY-801,191,2976.0,2026-01-20
P0228,BRAND_C,145/80 R 13 BY-801,26,3067.0,2025-12-22
P0168,BRAND_A,145/80 R 13 TR203,167,3245.0,2025-06-16
P0260,BRAND_C,155/65 R 14 BY-801,161,3281.0,2026-01-20
P0246,BRAND_C,155 R 12 C / 8PR BY-05,167,3333.0,2026-01-20
P0226,BRAND_C,165/70 R 12 BY-801,4,3334.0,2026-01-20
P0230,BRAND_C,155/80 R 13 BY-801,58,3421.0,2026-01-20
P0186,BRAND_A,155/65 R 14 TR203,38,3435.0,2025-06-16
P0266,BRAND_C,165/65 R 14 BY-801,35,3554.0,2026-01-20
P0164,BRAND_A,165/60 R 14 TR23,18,3712.0,2025-06-16
P0238,BRAND_C,165/70 R 14 BY-801,35,3713.0,2026-01-20
P0232,BRAND_C,175/70 R 13 BY-801,77,3717.0,2025-12-22
P0262,BRAND_C,175/65 R 14 BY-801,16,3780.0,2025-12-22
P0205,BRAND_A,165/50 R 16 TR23A,46,3833.0,2024-04-25
P0194,BRAND_A,165/55 R 14 TR23A,42,3843.0,2024-10-31
P0190,BRAND_A,165/65 R 14 TR203,13,3849.0,2024-10-31
P0196,BRAND_A,165/55 R 14 TR203,12,3851.0,2025-06-16
P0207,BRAND_A,145 R 12C / 8PR TR06,79,3862.0,2025-06-16
P0355,BRAND_B,155/65 R 13 HB608,8,3863.0,2023-02-23
P0333,BRAND_B,155/70 R 12 WL HB608,38,3870.0,2023-03-24
P0341,BRAND_B,155/70 R 13 H986,2,3896.0,2023-12-14
P0188,BRAND_A,165/65 R 14 TR23,3,3898.0,2023-09-18
P0234,BRAND_C,175/70 R 14 BY-801,62,3921.0,2025-11-06
P0335,BRAND_B,145/80 R 13 H986,68,3942.0,2024-05-17
P0173,BRAND_A,165/70 R 14 TR203,70,3946.0,2025-06-16
P0204,BRAND_A,165/60 R 15 TR203,8,3970.0,2025-06-16
P0236,BRAND_C,185/70 R 13 BY-801,40,4065.0,2026-01-20
P0393,BRAND_B,145 R 12 C / 8PR S-888,117,4091.0,2023-02-23
P0248,BRAND_C,165 R 13 C / 8PR BY-06,326,4246.0,2025-10-25
P0357,BRAND_B,155/65 R 14 HB608,265,4264.0,2024-05-17
P0192,BRAND_A,175/65 R 14 TR203,51,4270.0,2025-06-16
P0343,BRAND_B,165/70 R 13 H986,99,4273.0,2023-02-23
P0395,BRAND_B,155 R 12 C / 8PR S-888,192,4302.0,2022-01-27
P0264,BRAND_C,175/65 R 15 BY-801,43,4352.0,2025-12-22
P0175,BRAND_A,175/70 R 14 TR203,25,4361.0,2024-10-31
P0171,BRAND_A,185/70 R 13 TR203,30,4445.0,2024-10-31
P0337,BRAND_B,155/80 R 13 H986,99,4512.0,2022-01-27
P0240,BRAND_C,185/70 R 14 BY-801,47,4513.0,2025-10-26
P0036,BRAND_A,175/55 R 15 TR210,60,4534.0,2024-07-24
P0347,BRAND_B,165/70 R 14 HB608,216,4595.0,2024-05-17
P0242,BRAND_C,185/65 R 15 BY-801,75,4613.0,2026-01-20
P0197,BRAND_A,175/65 R 15 TR203,255,4623.0,2024-04-25
P0371,BRAND_B,165/55 R 15 HB-2,2,4677.0,2024-05-17
P0345,BRAND_B,175/70 R 13 HB608,34,4704.0,2023-02-11
P0179,BRAND_A,185/70 R 14 TR203,19,4706.0,2024-07-18
P0276,BRAND_C,185/55 R 16 BY-998,10,4728.0,2025-12-22
P0177,BRAND_A,185/70 R 14 TR23,2,4795.0,2023-09-18
P0339,BRAND_B,165/80 R 13 H986,17,4829.0,2024-05-17
P0278,BRAND_C,195/55 R 16 BY-998,16,4856.0,2025-12-22
P0256,BRAND_C,195/70 R 14 BY-801,30,4856.0,2026-01-20
P0244,BRAND_C,195/65 R 15 BY-801,120,4873.0,2026-01-20
P0359,BRAND_B,175/65 R 15 HB608,118,4879.0,2024-05-17
P0052,BRAND_A,195/50 R 15 TR210,42,4889.0,2026-01-06
P0199,BRAND_A,185/65 R 15 TR203,280,4918.0,2024-07-18
P0351,BRAND_B,185/70 R 14 HB608,148,4920.0,2024-05-17
P0016,BRAND_A,185/65 R 14 TR17,70,4941.0,2025-04-10
P0032,BRAND_A,185/60 R 15 TR201,99,5092.0,2026-02-11
P0018,BRAND_A,185/65 R 15 TR17,79,5124.0,2025-07-02
P0349,BRAND_B,175/70 R 14 H986,40,5126.0,2024-05-17
P0037,BRAND_A,185/55 R 15 TR30,77,5139.0,2026-02-11
P0397,BRAND_B,165 R 13 C / 8PR S-888,143,5158.0,2023-02-11
P0030,BRAND_A,185/60 R 15 TR17,6,5180.0,2024-07-24
P0201,BRAND_A,195/65 R 15 TR203,343,5191.0,2024-04-25
P0039,BRAND_A,195/55 R 15 TR30,67,5210.0,2025-12-23
P0020,BRAND_A,185/65 R 15 TR201,291,5285.0,2026-02-11
P0361,BRAND_B,185/65 R 14 HB608,110,5289.0,2021-07-26
P0367,BRAND_B,185/60 R 15 HB608,70,5301.0,2024-05-17
P0280,BRAND_C,205/55 R 16 BY-998,7,5318.0,2025-12-22
P0373,BRAND_B,185/55 R 15 HB608,22,5345.0,2023-01-18
P0282,BRAND_C,205/60 R 16 BY-801,32,5376.0,2026-01-20
P0034,BRAND_A,195/60 R 15 TR30,60,5380.0,2025-12-23
P0250,BRAND_C,185 R 14 C / 8PR BY-05,448,5448.0,2025-11-06
P0033,BRAND_A,195/60 R 15 TR23,4,5489.0,2019-12-24
P0384,BRAND_B,195/50 R 15 HB608,13,5498.0,2023-01-18
P0268,BRAND_C,205/65 R 15 BY-801,58,5520.0,2025-12-22
P0041,BRAND_A,185/55 R 16 TR30,238,5553.0,2026-02-11
P0023,BRAND_A,195/65 R 15 TR201,273,5555.0,2026-01-06
P0181,BRAND_A,195/70 R 14 TR23,26,5567.0,2025-06-16
P0050,BRAND_A,195/50 R 16 TR30,39,5569.0,2026-02-11
P0363,BRAND_B,185/65 R 15 HB608,141,5590.0,2024-05-17
P0043,BRAND_A,195/55 R 16 TR30,58,5601.0,2026-01-06
P0375,BRAND_B,185/55 R 16 HB-2,186,5638.0,2024-01-23
P0302,BRAND_C,215/45 R 17 BY-998,14,5654.0,2025-12-22
P0021,BRAND_A,195/65 R 15 TR17,18,5671.0,2024-07-24
P0053,BRAND_A,205/50 R 16 TR30,16,5753.0,2025-12-23
P0073,BRAND_A,165 R 13 C / 8PR TR100,398,5756.0,2026-01-06
P0047,BRAND_A,205/55 R 16 TR201,24,5758.0,2026-01-06
P0365,BRAND_B,195/65 R 15 HB608,109,5835.0,2024-05-17
P0014,BRAND_A,195/70 R 14 TR17,173,5837.0,2026-02-11
P0353,BRAND_B,195/70 R 14 H986,29,5837.0,2023-02-23
P0304,BRAND_C,225/45 R 17 BY-998,54,5841.0,2025-10-10
P0386,BRAND_B,195/50 R 16 HB-2,16,5843.0,2023-08-08
P0028,BRAND_A,195/60 R 16 TR30,68,5901.0,2026-02-11
P0377,BRAND_B,195/55 R 15 HB608,36,5907.0,2022-01-21
P0252,BRAND_C,195 R 14 C / 8PR BY-05,146,5967.0,2026-01-20
P0183,BRAND_A,205/70 R 14 TR23,1,5977.0,2024-10-31
P0081,BRAND_A,205/55 R 17 TR201,72,6035.0,2025-04-10
P0045,BRAND_A,205/55 R 16 TR30,1,6114.0,2023-04-13
P0027,BRAND_A,205/65 R 15 TR201,70,6133.0,2025-04-10
P0389,BRAND_B,205/50 R 15 HB608,18,6147.0,2021-07-02
P0378,BRAND_B,195/55 R 16 HB-2,23,6156.0,2024-01-23
P0048,BRAND_A,205/55 R 16 TR17,4,6159.0,2025-01-25
P0124,BRAND_A,215/45 R 17 TR30,147,6217.0,2026-02-11
P0388,BRAND_B,205/50 R 16 HB-2,19,6261.0,2023-01-18
P0254,BRAND_C,195 R 15 C / 8PR BY-05,175,6299.0,2026-01-20
P0306,BRAND_C,235/45 R 17 BY-998,33,6299.0,2025-10-10
P0057,BRAND_A,205/60 R 16 TR17,42,6330.0,2024-07-24
P0059,BRAND_A,205/60 R 16 TR201,30,6356.0,2026-02-11
P0055,BRAND_A,205/60 R 16 TR30,2,6373.0,2023-05-25
P0025,BRAND_A,205/65 R 15 TR17,9,6395.0,2024-05-10
P0308,BRAND_C,215/55 R 17 BY-998,36,6398.0,2026-01-20
P0380,BRAND_B,205/55 R 16 HB1EVO,24,6472.0,2023-02-23
P0286,BRAND_C,215/65 R 16 BY-HT987,7,6633.0,2025-10-25
P0060,BRAND_A,215/60 R 16 TR17,32,6649.0,2026-02-11
P0294,BRAND_C,215/75 R 15 BY-AT987,52,6652.0,2026-01-20
P0122,BRAND_A,225/45 R 17 TR30,16,6671.0,2025-01-25
P0296,BRAND_C,195/75 R 16C/ 8PR BY-06,12,6676.0,2025-08-26
P0399,BRAND_B,185 R 14 C / 8PR S-888,87,6691.0,2023-02-23
P0130,BRAND_A,225/40 R 18 TR30,12,6711.0,2024-05-10
P0084,BRAND_A,215/55 R 17 TR201,154,6753.0,2026-02-11
P0066,BRAND_A,215/50 R 17 TR30,48,6832.0,2026-02-11
P0425,BRAND_B,215/45 R 17 HB1EVO,16,6844.0,2024-05-17
P0106,BRAND_A,235/45 R 17 TR30,38,6993.0,2025-11-13
P0409,BRAND_B,215/50 R 17 HB-2,63,6996.0,2023-03-24
P0062,BRAND_A,225/60 R 16 TR30,10,7000.0,2025-01-25
P0216,BRAND_A,225/40 Z R 19 TR41,18,7000.0,2025-06-16
P0104,BRAND_A,245/45 R 17 TR30,29,7002.0,2026-02-11
P0320,BRAND_C,225/55 R 18 BY-HP987,35,7061.0,2025-12-22
P0082,BRAND_A,215/55 R 17 TR30,90,7167.0,2025-12-23
P0288,BRAND_C,215/65 R 16C/ 8PR BY-06,39,7170.0,2025-12-22
P0284,BRAND_C,235/60 R 16 BY-HT987,9,7221.0,2025-12-22
P0310,BRAND_C,225/60 R 17 BY-HT987,37,7240.0,2025-12-22
P0150,BRAND_A,215/65 R 16 TR17,14,7263.0,2026-02-11
P0069,BRAND_A,215/60 R 17 TR17,46,7288.0,2026-02-11
P0401,BRAND_B,195 R 14 C / 8PR S-888,68,7297.0,2024-05-17
P0423,BRAND_B,225/45 R 17 HB1EVO,7,7367.0,2023-01-18
P0128,BRAND_A,225/40 Z R 18 TR41,3,7370.0,2024-10-04
P0405,BRAND_B,195/70 R 15 C / 8PR S-888,25,7438.0,2024-01-23
P0214,BRAND_A,215/75 R 15 P TR15,4,7493.0,2024-04-25
P0413,BRAND_B,215/55 R 17 HB608,44,7516.0,2024-05-17
P0312,BRAND_C,225/65 R 17 BY-HT987,56,7568.0,2025-12-22
P0087,BRAND_A,225/65 R 17 TR30,35,7580.0,2025-12-23
P0071,BRAND_A,225/60 R 17 TR17,65,7588.0,2025-12-23
P0369,BRAND_B,225/60 R 16 HB608,18,7772.0,2023-08-08
P0085,BRAND_A,225/55 R 17 TR30,36,7783.0,2025-12-23
P0382,BRAND_B,225/55 R 16 HB-2,25,7787.0,2024-01-23
P0429,BRAND_B,245/45 R 17 HB1EVO,32,7882.0,2024-05-17
P0427,BRAND_B,235/45 Z R 17 HB1EVO,43,7891.0,2024-01-23
P0132,BRAND_A,245/40 Z R 18 TR41,23,7898.0,2025-04-10
P0298,BRAND_C,215/75 R 16C/ 10PR BY-06,17,7909.0,2026-01-20
P0064,BRAND_A,235/60 R 16 TR17,63,7932.0,2026-02-11
P0439,BRAND_B,205/75 R 14 C / 8PR WL HB-8,1,7951.0,2024-05-17
P0209,BRAND_A,195/75 R 16C / 10PR TR06,14,7974.0,2025-06-16
P0075,BRAND_A,185 R 14 C / 8PR TR100,413,7992.0,2026-01-06
P0446,BRAND_B,225/45 Z R 18 HB1EVO,19,8072.0,2024-01-23
P0218,BRAND_A,255/35 Z R 19 TR41,14,8088.0,2024-07-18
P0411,BRAND_B,225/50 R 17 HB-2,30,8095.0,2023-01-18
P0322,BRAND_C,235/60 R 18 BY-HP987,58,8149.0,2026-01-20
P0300,BRAND_C,235/75 R 15/ 6PR BY-AT987,5,8195.0,2026-01-20
P0324,BRAND_C,235/55 R 19 BY-HP987,27,8229.0,2024-12-17
P0441,BRAND_B,205/75 R 15 C / 8PR WL HB-8,5,8405.0,2024-05-17
P0156,BRAND_A,225/55 R 18 TR50,78,8419.0,2025-12-23
P0403,BRAND_B,195 R 15 C / 8PR S-888,1,8443.0,2024-05-17
P0102,BRAND_A,215/70 R 16 TR28 OWL,134,8454.0,2025-12-23
P0458,BRAND_B,265/35 R 18 HB1EVO,8,8558.0,2023-01-18
P0211,BRAND_A,205/75 R 16C / 10PR TR06,46,8559.0,2025-06-16
P0450,BRAND_B,225/55 R 18 HB-2,55,8602.0,2023-09-13
P0448,BRAND_B,225/50 Z R 18 HB-2,74,8607.0,2023-12-14
P0391,BRAND_B,225/60 R 17 HB-9,50,8607.0,2024-01-23
P0077,BRAND_A,195 R 14 C / 8PR TR06X,434,8628.0,2026-01-06
P0158,BRAND_A,235/55 R 18 TR50,34,8710.0,2025-12-23
P0407,BRAND_B,195/75 R 16 C / 8PR S-888,18,8710.0,2024-01-23
P0431,BRAND_B,215/70 R 16 OWL HB-8,2,8719.0,2023-08-08
P0415,BRAND_B,225/65 R 17 HB-9,86,8752.0,2024-05-17
P0152,BRAND_A,225/60 R 18 TR50,27,8925.0,2025-12-23
P0079,BRAND_A,195 R 15 C / 8PR TR06X,1085,9035.0,2026-02-11
P0154,BRAND_A,235/60 R 18 TR50,115,9051.0,2026-02-11
P0314,BRAND_C,245/65 R 17 BY-AT987,34,9061.0,2025-05-27
P0126,BRAND_A,225/40 Z R 18 TR20A,15,9149.0,2025-04-10
P0134,BRAND_A,235/75 R 15 P TR15,76,9212.0,2025-04-10
P0089,BRAND_A,235/65 R 17 TR15,15,9259.0,2025-01-25
P0091,BRAND_A,235/65 R 17 P TR50,20,9265.0,2026-02-11
P0318,BRAND_C,265/65 R 17 BY-HT987,36,9446.0,2025-12-22
P0290,BRAND_C,265/70 R 16 BY-AT987,57,9451.0,2026-01-20
P0114,BRAND_A,235/70 R 16 P TR15,22,9584.0,2025-12-23
P0162,BRAND_A,235/55 R 19 TR50,51,9672.0,2025-11-13
P0452,BRAND_B,235/55 R 18 HB-9,31,9708.0,2023-12-14
P0092,BRAND_A,245/65 R 17 TR15,19,9909.0,2025-04-10
P0316,BRAND_C,265/65 R 17 BY-AT987,56,9929.0,2025-12-22
P0433,BRAND_B,235/70 R 16 OWL HB-8,7,9969.0,2023-02-11
P0462,BRAND_B,245/45 Z R 19 HB-2,21,10081.0,2021-04-21
P0270,BRAND_C,31 x 10.50 R 15 LT / 6PR BY-AT987,13,10083.0,2025-12-22
P0454,BRAND_B,235/60 R 18 HB-9,68,10154.0,2024-05-17
P0160,BRAND_A,265/35 Z R 18 TR20A,7,10466.0,2023-05-25
P0108,BRAND_A,245/70 R 16 TR28 OWL,17,10686.0,2025-11-13
P0435,BRAND_B,235/75 R 15 / 6PR OWL HB-6,93,10742.0,2024-05-17
P0147,BRAND_A,215/85 R 16/ 10PR LT TR28 OWL,46,10973.0,2025-12-23
P0419,BRAND_B,265/65 R 17 HB-9,43,10996.0,2024-05-17
P0421,BRAND_B,265/70 R 16 HB-8,26,11189.0,2024-05-17
P0272,BRAND_C,31 x 10.50 R 15 LT / 6PR BY-MT987,71,11195.0,2026-01-20
P0116,BRAND_A,225/75 R 16/ 10PR LT TR05,28,11252.0,2025-04-10
P0465,BRAND_B,275/40 Z R 20 HB-9,18,11545.0,2023-08-08
P0110,BRAND_A,255/70 R 16 TR28,32,11604.0,2025-12-23
P0463,BRAND_B,255/55 R 19 HB-9,14,11678.0,2024-01-23
P0460,BRAND_B,265/60 R 18 HB-9,32,11679.0,2024-01-23
P0095,BRAND_A,265/65 R 17 TR28,134,11833.0,2025-11-13
P0136,BRAND_A,235/75 R 15 LT/ 6PR TR05,42,11970.0,2025-11-13
P0137,BRAND_A,30 x 9.5 R 15/ 6PR OWL TR28,4,11988.0,2023-12-07
P0112,BRAND_A,265/70 R 16 TR28,122,12076.0,2025-12-23
P0097,BRAND_A,275/65 R 17 TR15,42,12243.0,2024-05-08
P0444,BRAND_B,31 x 10.5 R 15 OWL HB-6,23,12330.0,2023-02-11
P0467,BRAND_B,315/35 Z R 20 HB9,24,12432.0,2023-03-24
P0417,BRAND_B,265/65 R 17 HB-8,22,12475.0,2024-05-17
P0094,BRAND_A,265/65 R 17 TR52,1,12684.0,2021-03-22
P0140,BRAND_A,31 x 10.5 R 15/ 6PR OWL TR28,90,12860.0,2025-12-23
P0292,BRAND_C,265/75 R 16/ 10PR LT BY-MT987,16,12984.0,2026-01-20
P0117,BRAND_A,265/75 R 16 TR28,8,13002.0,2024-05-10
P0148,BRAND_A,235/85 R 16/ 10PR LT TR28,57,13248.0,2025-11-13
P0331,BRAND_C,215/75 R 17.5 /16 PR (LO111),107,13898.0,2025-10-10
P0437,BRAND_B,265/75 R 16 OWL HB-7,18,13976.0,2023-08-08
P0213,BRAND_A,285/65 R 17 P TR28,117,14057.0,2024-10-31
P0120,BRAND_A,265/75 R 16/ 6PR LT TR28 OWL,12,14156.0,2025-09-17
P0138,BRAND_A,31 x 10.5 R 15/ 6PR OWL TR05,43,14431.0,2024-07-24
P0142,BRAND_A,31 x 10.5 R 15/ 6PR OWL TR29,286,14753.0,2025-12-23
P0274,BRAND_C,33 x 12.5 R 15 LT / 6PR BY-MT987,30,15048.0,2025-08-26
P0099,BRAND_A,245/70 R 17/ 10PR LT TR29 OWL,36,15260.0,2024-03-07
P0143,BRAND_A,32 x 11.5 R 15/ 6PR OWL TR29,85,15505.0,2025-12-23
P0100,BRAND_A,285/70 R 17 P TR28,7,15988.0,2025-01-25
P0332,BRAND_C,235/75 R 17.5 /16 PR (LO111),68,16085.0,2026-01-20
P0144,BRAND_A,33 x 12.5 R 15/ 6PR OWL TR28,66,16686.0,2025-12-23
P0146,BRAND_A,33 x 12.5 R 15/ 6PR MT OWL TR29,47,18010.0,2025-04-10
P0121,BRAND_A,285/75 R 16/ 10PR LT TR29 OWL,46,18855.0,2026-02-11
P0326,BRAND_C,825 R 16/16 PR LO301 (SET),52,19607.0,2025-02-27
P0330,BRAND_C,11 R 22.5/ 18 PR (LO301),129,21066.0,2025-10-10
P0327,BRAND_C,900 R 20 / 16PR LO104 (SET),43,22545.0,2026-01-20
P0329,BRAND_C,1000 R 20/18 PR LO105 (SET),49,24173.0,2025-11-06
P0002,BRAND_D,11 R 22.5 /18 PR (CT53),84,24289.0,2025-06-18
P0220,BRAND_C,295/80 R 22.5 /18 PR (VS788),277,24471.0,2025-11-06
P0328,BRAND_C,1000 R 20/18 PR LO104 (SET),100,24521.0,2025-04-09
P0003,BRAND_D,11 R 22.5 /18 PR (CS03),78,24642.0,2026-02-11
P0221,BRAND_C,295/80 R 22.5 /18 PR (VS806),100,25467.0,2025-02-27
P0009,BRAND_D,295/80 R 22.5 /18 PR (CT05),7,26265.0,2024-08-24
P0007,BRAND_D,295/80 R 22.5 /18 PR (CT23),7,26990.0,2024-08-24
P0005,BRAND_D,295/80 R 22.5 /18 PR (CS03V),42,27234.0,2026-02-11
P0008,BRAND_D,295/80 R 22.5 /18 PR (CD01),286,28677.0,2025-02-20
P0012,BRAND_D,315/80 R 22.5 /20 PR (CS03),47,30080.0,2025-02-20
P0001,BRAND_D,1000 R 20/18 PR CT23 (SET),719,30512.0,2026-01-19
P0013,BRAND_D,315/80 R 22.5 /20 PR (CD01),84,30949.0,2025-02-20
P0011,BRAND_D,315/80 R 22.5 /20 PR (CT23),24,32123.0,2024-08-23
P0166,BRAND_A,145/80 R 12 TR17,76,5199,2025-06-16
P0119,BRAND_A,265/75 R 16/ 10PR LT TR29 OWL,12,24347,2025-12-23
